pool,task_name,task_instance_id,own_answer_share,n_competing_candidates_discussed,hedging_near_answer,closing_concentration,label,ikey
phase2b,crispr_delivery,18,0.6842105263157895,1.0,0.0,0.3076923076923077,0,"('phase2b', 'crispr_delivery', 18)"
phase2b,crispr_delivery,18,0.8292682926829268,1.0,0.0,0.17647058823529413,0,"('phase2b', 'crispr_delivery', 18)"
phase2b,crispr_delivery,18,0.26666666666666666,1.0,0.0,0.25,0,"('phase2b', 'crispr_delivery', 18)"
phase2b,gwas_causal_gene_gwas_catalog,64,0.8,1.0,1.0,0.75,0,"('phase2b', 'gwas_causal_gene_gwas_catalog', 64)"
phase2b,gwas_causal_gene_gwas_catalog,64,0.9787234042553191,1.0,4.0,0.21739130434782608,0,"('phase2b', 'gwas_causal_gene_gwas_catalog', 64)"
phase2b,gwas_causal_gene_gwas_catalog,64,0.9849624060150376,1.0,38.0,0.2480916030534351,0,"('phase2b', 'gwas_causal_gene_gwas_catalog', 64)"
phase2b,gwas_causal_gene_gwas_catalog,128,0.6944444444444444,2.0,4.0,0.32,0,"('phase2b', 'gwas_causal_gene_gwas_catalog', 128)"
phase2b,gwas_causal_gene_gwas_catalog,128,0.7575757575757576,2.0,3.0,0.37333333333333335,0,"('phase2b', 'gwas_causal_gene_gwas_catalog', 128)"
phase2b,gwas_causal_gene_gwas_catalog,128,0.5572519083969466,2.0,11.0,0.3972602739726027,0,"('phase2b', 'gwas_causal_gene_gwas_catalog', 128)"
phase2b,gwas_causal_gene_gwas_catalog,138,0.589041095890411,1.0,8.0,0.4186046511627907,1,"('phase2b', 'gwas_causal_gene_gwas_catalog', 138)"
phase2b,gwas_causal_gene_gwas_catalog,138,0.9545454545454546,1.0,4.0,0.19047619047619047,1,"('phase2b', 'gwas_causal_gene_gwas_catalog', 138)"
phase2b,gwas_causal_gene_gwas_catalog,138,0.671875,1.0,5.0,0.27906976744186046,0,"('phase2b', 'gwas_causal_gene_gwas_catalog', 138)"
phase2b,gwas_causal_gene_gwas_catalog,170,0.5573770491803278,1.0,4.0,0.23529411764705882,0,"('phase2b', 'gwas_causal_gene_gwas_catalog', 170)"
phase2b,gwas_causal_gene_gwas_catalog,170,0.7959183673469388,1.0,4.0,0.41025641025641024,1,"('phase2b', 'gwas_causal_gene_gwas_catalog', 170)"
phase2b,gwas_causal_gene_gwas_catalog,170,0.6363636363636364,1.0,5.0,0.20634920634920634,1,"('phase2b', 'gwas_causal_gene_gwas_catalog', 170)"
phase2b,gwas_causal_gene_gwas_catalog,170,0.5675675675675675,1.0,3.0,0.2619047619047619,1,"('phase2b', 'gwas_causal_gene_gwas_catalog', 170)"
phase2b,gwas_causal_gene_gwas_catalog,379,0.5657894736842105,2.0,10.0,0.27906976744186046,0,"('phase2b', 'gwas_causal_gene_gwas_catalog', 379)"
phase2b,gwas_causal_gene_gwas_catalog,379,0.6228070175438597,2.0,6.0,0.30985915492957744,0,"('phase2b', 'gwas_causal_gene_gwas_catalog', 379)"
phase2b,gwas_causal_gene_gwas_catalog,379,0.49166666666666664,2.0,13.0,0.4067796610169492,0,"('phase2b', 'gwas_causal_gene_gwas_catalog', 379)"
phase2b,gwas_causal_gene_gwas_catalog,379,0.6585365853658537,2.0,8.0,0.35185185185185186,0,"('phase2b', 'gwas_causal_gene_gwas_catalog', 379)"
phase2b,gwas_causal_gene_gwas_catalog,418,0.515625,1.0,5.0,0.16666666666666666,0,"('phase2b', 'gwas_causal_gene_gwas_catalog', 418)"
phase2b,gwas_causal_gene_gwas_catalog,418,0.5490196078431373,1.0,10.0,0.25,0,"('phase2b', 'gwas_causal_gene_gwas_catalog', 418)"
phase2b,gwas_causal_gene_gwas_catalog,418,0.6721311475409836,1.0,5.0,0.2682926829268293,0,"('phase2b', 'gwas_causal_gene_gwas_catalog', 418)"
phase2b,gwas_causal_gene_gwas_catalog,418,0.6951219512195121,1.0,6.0,0.3508771929824561,0,"('phase2b', 'gwas_causal_gene_gwas_catalog', 418)"
phase2b,gwas_causal_gene_gwas_catalog,492,0.8979591836734694,1.0,3.0,0.29545454545454547,0,"('phase2b', 'gwas_causal_gene_gwas_catalog', 492)"
phase2b,gwas_causal_gene_gwas_catalog,492,0.35294117647058826,1.0,5.0,0.6666666666666666,0,"('phase2b', 'gwas_causal_gene_gwas_catalog', 492)"
phase2b,gwas_causal_gene_opentargets,47,0.8333333333333334,1.0,4.0,0.4,0,"('phase2b', 'gwas_causal_gene_opentargets', 47)"
phase2b,gwas_causal_gene_opentargets,47,0.9298245614035088,1.0,6.0,0.24528301886792453,0,"('phase2b', 'gwas_causal_gene_opentargets', 47)"
phase2b,gwas_causal_gene_opentargets,47,0.5631067961165048,1.0,4.0,0.39655172413793105,0,"('phase2b', 'gwas_causal_gene_opentargets', 47)"
phase2b,gwas_causal_gene_opentargets,397,0.8333333333333334,1.0,5.0,0.28,1,"('phase2b', 'gwas_causal_gene_opentargets', 397)"
phase2b,gwas_causal_gene_opentargets,397,0.6785714285714286,1.0,5.0,0.42105263157894735,0,"('phase2b', 'gwas_causal_gene_opentargets', 397)"
phase2b,gwas_causal_gene_opentargets,397,0.8813559322033898,1.0,8.0,0.3076923076923077,1,"('phase2b', 'gwas_causal_gene_opentargets', 397)"
phase2b,gwas_causal_gene_opentargets,397,0.8604651162790697,1.0,5.0,0.2702702702702703,1,"('phase2b', 'gwas_causal_gene_opentargets', 397)"
phase2b,gwas_causal_gene_opentargets,612,0.6349206349206349,1.0,3.0,0.4,1,"('phase2b', 'gwas_causal_gene_opentargets', 612)"
phase2b,gwas_causal_gene_opentargets,612,0.6274509803921569,1.0,2.0,0.34375,1,"('phase2b', 'gwas_causal_gene_opentargets', 612)"
phase2b,gwas_causal_gene_opentargets,612,0.6363636363636364,1.0,6.0,0.42857142857142855,0,"('phase2b', 'gwas_causal_gene_opentargets', 612)"
phase2b,gwas_causal_gene_opentargets,690,0.7159090909090909,1.0,4.0,0.2698412698412698,0,"('phase2b', 'gwas_causal_gene_opentargets', 690)"
phase2b,gwas_causal_gene_opentargets,690,0.9743589743589743,1.0,3.0,0.34210526315789475,0,"('phase2b', 'gwas_causal_gene_opentargets', 690)"
phase2b,gwas_causal_gene_opentargets,690,0.7674418604651163,1.0,2.0,0.42424242424242425,0,"('phase2b', 'gwas_causal_gene_opentargets', 690)"
phase2b,gwas_causal_gene_opentargets,690,0.6923076923076923,1.0,6.0,0.37037037037037035,1,"('phase2b', 'gwas_causal_gene_opentargets', 690)"
phase2b,gwas_causal_gene_pharmaprojects,509,0.9157894736842105,1.0,10.0,0.3448275862068966,1,"('phase2b', 'gwas_causal_gene_pharmaprojects', 509)"
phase2b,gwas_causal_gene_pharmaprojects,509,0.7662337662337663,1.0,4.0,0.288135593220339,0,"('phase2b', 'gwas_causal_gene_pharmaprojects', 509)"
phase2b,gwas_causal_gene_pharmaprojects,509,0.8068181818181818,1.0,2.0,0.28169014084507044,1,"('phase2b', 'gwas_causal_gene_pharmaprojects', 509)"
phase2b,gwas_causal_gene_pharmaprojects,509,0.7837837837837838,1.0,5.0,0.5172413793103449,1,"('phase2b', 'gwas_causal_gene_pharmaprojects', 509)"
phase2b,gwas_causal_gene_pharmaprojects,1300,0.6179775280898876,1.0,5.0,0.2909090909090909,0,"('phase2b', 'gwas_causal_gene_pharmaprojects', 1300)"
phase2b,gwas_causal_gene_pharmaprojects,1300,0.5636363636363636,1.0,3.0,0.2903225806451613,1,"('phase2b', 'gwas_causal_gene_pharmaprojects', 1300)"
phase2b,gwas_causal_gene_pharmaprojects,1300,0.6231884057971014,1.0,6.0,0.23255813953488372,0,"('phase2b', 'gwas_causal_gene_pharmaprojects', 1300)"
phase2b,gwas_causal_gene_pharmaprojects,1463,0.9672131147540983,1.0,5.0,0.3389830508474576,0,"('phase2b', 'gwas_causal_gene_pharmaprojects', 1463)"
phase2b,gwas_causal_gene_pharmaprojects,1463,0.9285714285714286,1.0,3.0,0.41025641025641024,0,"('phase2b', 'gwas_causal_gene_pharmaprojects', 1463)"
phase2b,gwas_causal_gene_pharmaprojects,1463,0.7536231884057971,1.0,9.0,0.4230769230769231,0,"('phase2b', 'gwas_causal_gene_pharmaprojects', 1463)"
phase2b,gwas_causal_gene_pharmaprojects,1463,0.92,1.0,4.0,0.32608695652173914,0,"('phase2b', 'gwas_causal_gene_pharmaprojects', 1463)"
phase2b,gwas_causal_gene_pharmaprojects,1640,0.6376811594202898,1.0,6.0,0.36363636363636365,0,"('phase2b', 'gwas_causal_gene_pharmaprojects', 1640)"
phase2b,gwas_causal_gene_pharmaprojects,1640,0.5483870967741935,1.0,5.0,0.4411764705882353,1,"('phase2b', 'gwas_causal_gene_pharmaprojects', 1640)"
phase2b,gwas_causal_gene_pharmaprojects,1640,0.7014925373134329,1.0,7.0,0.3404255319148936,0,"('phase2b', 'gwas_causal_gene_pharmaprojects', 1640)"
phase2b,gwas_causal_gene_pharmaprojects,1640,0.7857142857142857,1.0,4.0,0.21818181818181817,0,"('phase2b', 'gwas_causal_gene_pharmaprojects', 1640)"
phase2b,gwas_causal_gene_pharmaprojects,1645,0.6875,2.0,6.0,0.34545454545454546,0,"('phase2b', 'gwas_causal_gene_pharmaprojects', 1645)"
phase2b,gwas_causal_gene_pharmaprojects,1645,0.6582278481012658,2.0,8.0,0.5384615384615384,0,"('phase2b', 'gwas_causal_gene_pharmaprojects', 1645)"
phase2b,gwas_causal_gene_pharmaprojects,1645,0.6909090909090909,2.0,6.0,0.4473684210526316,0,"('phase2b', 'gwas_causal_gene_pharmaprojects', 1645)"
phase2b,gwas_variant_prioritization,37,0.9285714285714286,1.0,0.0,0.38461538461538464,1,"('phase2b', 'gwas_variant_prioritization', 37)"
phase2b,gwas_variant_prioritization,37,0.8235294117647058,1.0,0.0,0.5,1,"('phase2b', 'gwas_variant_prioritization', 37)"
phase2b,gwas_variant_prioritization,37,0.6,1.0,6.0,0.4444444444444444,0,"('phase2b', 'gwas_variant_prioritization', 37)"
phase2b,gwas_variant_prioritization,87,0.5094339622641509,1.0,4.0,0.3333333333333333,0,"('phase2b', 'gwas_variant_prioritization', 87)"
phase2b,gwas_variant_prioritization,87,0.6216216216216216,1.0,2.0,0.5217391304347826,0,"('phase2b', 'gwas_variant_prioritization', 87)"
phase2b,gwas_variant_prioritization,87,0.65,1.0,2.0,0.5769230769230769,0,"('phase2b', 'gwas_variant_prioritization', 87)"
phase2b,gwas_variant_prioritization,102,0.5,1.0,3.0,0.6153846153846154,0,"('phase2b', 'gwas_variant_prioritization', 102)"
phase2b,gwas_variant_prioritization,102,0.6363636363636364,1.0,0.0,0.42857142857142855,0,"('phase2b', 'gwas_variant_prioritization', 102)"
phase2b,gwas_variant_prioritization,102,0.7333333333333333,1.0,2.0,0.38636363636363635,0,"('phase2b', 'gwas_variant_prioritization', 102)"
phase2b,gwas_variant_prioritization,121,0.8208955223880597,1.0,0.0,0.2,1,"('phase2b', 'gwas_variant_prioritization', 121)"
phase2b,gwas_variant_prioritization,121,0.6842105263157895,1.0,1.0,0.46153846153846156,1,"('phase2b', 'gwas_variant_prioritization', 121)"
phase2b,gwas_variant_prioritization,121,0.5,1.0,0.0,0.38095238095238093,0,"('phase2b', 'gwas_variant_prioritization', 121)"
phase2b,gwas_variant_prioritization,121,0.6666666666666666,1.0,0.0,0.3888888888888889,1,"('phase2b', 'gwas_variant_prioritization', 121)"
phase2b,gwas_variant_prioritization,130,0.58,1.0,2.0,0.3448275862068966,0,"('phase2b', 'gwas_variant_prioritization', 130)"
phase2b,gwas_variant_prioritization,130,0.7272727272727273,1.0,0.0,0.375,0,"('phase2b', 'gwas_variant_prioritization', 130)"
phase2b,lab_bench_dbqa,80,0.08823529411764706,1.0,0.0,0.6666666666666666,1,"('phase2b', 'lab_bench_dbqa', 80)"
phase2b,lab_bench_dbqa,80,1.0,0.0,0.0,0.3333333333333333,0,"('phase2b', 'lab_bench_dbqa', 80)"
phase2b,lab_bench_dbqa,80,0.9354838709677419,1.0,1.0,0.3448275862068966,0,"('phase2b', 'lab_bench_dbqa', 80)"
phase2b,lab_bench_dbqa,80,0.1282051282051282,1.0,1.0,0.3,1,"('phase2b', 'lab_bench_dbqa', 80)"
phase2b,lab_bench_dbqa,269,0.10526315789473684,1.0,1.0,1.0,1,"('phase2b', 'lab_bench_dbqa', 269)"
phase2b,lab_bench_dbqa,269,1.0,0.0,23.0,0.24561403508771928,0,"('phase2b', 'lab_bench_dbqa', 269)"
phase2b,lab_bench_dbqa,269,0.08695652173913043,1.0,1.0,1.0,1,"('phase2b', 'lab_bench_dbqa', 269)"
phase2b,lab_bench_dbqa,269,0.9,1.0,3.0,0.37037037037037035,0,"('phase2b', 'lab_bench_dbqa', 269)"
phase2b,lab_bench_dbqa,315,1.0,0.0,18.0,0.125,1,"('phase2b', 'lab_bench_dbqa', 315)"
phase2b,lab_bench_dbqa,315,1.0,0.0,28.0,0.28125,1,"('phase2b', 'lab_bench_dbqa', 315)"
phase2b,lab_bench_dbqa,315,0.07692307692307693,1.0,39.0,1.0,0,"('phase2b', 'lab_bench_dbqa', 315)"
phase2b,lab_bench_dbqa,315,0.95,1.0,7.0,0.42105263157894735,1,"('phase2b', 'lab_bench_dbqa', 315)"
phase2b,lab_bench_dbqa,345,1.0,0.0,44.0,1.0,0,"('phase2b', 'lab_bench_dbqa', 345)"
phase2b,lab_bench_dbqa,345,0.4444444444444444,1.0,30.0,0.75,1,"('phase2b', 'lab_bench_dbqa', 345)"
phase2b,lab_bench_dbqa,345,0.8421052631578947,1.0,10.0,0.1875,1,"('phase2b', 'lab_bench_dbqa', 345)"
phase2b,lab_bench_dbqa,345,1.0,0.0,13.0,0.4,1,"('phase2b', 'lab_bench_dbqa', 345)"
phase2b,lab_bench_dbqa,350,0.975609756097561,1.0,45.0,0.325,0,"('phase2b', 'lab_bench_dbqa', 350)"
phase2b,lab_bench_dbqa,350,0.21428571428571427,1.0,15.0,0.6666666666666666,1,"('phase2b', 'lab_bench_dbqa', 350)"
phase2b,lab_bench_dbqa,350,1.0,0.0,16.0,0.391304347826087,0,"('phase2b', 'lab_bench_dbqa', 350)"
phase2b,lab_bench_dbqa,350,0.2857142857142857,1.0,30.0,1.0,1,"('phase2b', 'lab_bench_dbqa', 350)"
phase2b,lab_bench_dbqa,430,0.3333333333333333,1.0,7.0,0.38,1,"('phase2b', 'lab_bench_dbqa', 430)"
phase2b,lab_bench_dbqa,430,0.7291666666666666,1.0,9.0,0.24761904761904763,0,"('phase2b', 'lab_bench_dbqa', 430)"
phase2b,lab_bench_dbqa,430,1.0,0.0,9.0,0.2857142857142857,0,"('phase2b', 'lab_bench_dbqa', 430)"
phase2b,lab_bench_seqqa,27,0.23170731707317074,2.0,14.0,0.47368421052631576,0,"('phase2b', 'lab_bench_seqqa', 27)"
phase2b,lab_bench_seqqa,27,0.24691358024691357,2.0,11.0,0.4,0,"('phase2b', 'lab_bench_seqqa', 27)"
phase2b,lab_bench_seqqa,27,0.6082474226804123,2.0,15.0,0.1864406779661017,1,"('phase2b', 'lab_bench_seqqa', 27)"
phase2b,lab_bench_seqqa,27,0.23076923076923078,2.0,6.0,0.4444444444444444,0,"('phase2b', 'lab_bench_seqqa', 27)"
phase2b,patient_gene_detection,34,,0.0,0.0,,0,"('phase2b', 'patient_gene_detection', 34)"
phase2b,patient_gene_detection,34,,0.0,5.0,,1,"('phase2b', 'patient_gene_detection', 34)"
phase2b,patient_gene_detection,34,,0.0,2.0,,1,"('phase2b', 'patient_gene_detection', 34)"
phase2b,patient_gene_detection,34,,0.0,2.0,,0,"('phase2b', 'patient_gene_detection', 34)"
phase2b,patient_gene_detection,49,,0.0,2.0,,1,"('phase2b', 'patient_gene_detection', 49)"
phase2b,patient_gene_detection,49,,0.0,5.0,,0,"('phase2b', 'patient_gene_detection', 49)"
phase2b,patient_gene_detection,49,,0.0,6.0,,1,"('phase2b', 'patient_gene_detection', 49)"
phase2b,patient_gene_detection,49,,0.0,3.0,,1,"('phase2b', 'patient_gene_detection', 49)"
phase2b,patient_gene_detection,88,,0.0,4.0,,0,"('phase2b', 'patient_gene_detection', 88)"
phase2b,patient_gene_detection,88,,0.0,9.0,,0,"('phase2b', 'patient_gene_detection', 88)"
phase2b,patient_gene_detection,88,,0.0,5.0,,0,"('phase2b', 'patient_gene_detection', 88)"
phase2b,patient_gene_detection,88,,0.0,4.0,,0,"('phase2b', 'patient_gene_detection', 88)"
phase2b,patient_gene_detection,205,,0.0,5.0,,1,"('phase2b', 'patient_gene_detection', 205)"
phase2b,patient_gene_detection,205,,0.0,5.0,,1,"('phase2b', 'patient_gene_detection', 205)"
phase2b,patient_gene_detection,205,,0.0,6.0,,1,"('phase2b', 'patient_gene_detection', 205)"
phase2b,patient_gene_detection,205,,0.0,1.0,,1,"('phase2b', 'patient_gene_detection', 205)"
phase2b,patient_gene_detection,251,,0.0,1.0,,0,"('phase2b', 'patient_gene_detection', 251)"
phase2b,patient_gene_detection,251,,0.0,10.0,,0,"('phase2b', 'patient_gene_detection', 251)"
phase2b,patient_gene_detection,251,,0.0,6.0,,1,"('phase2b', 'patient_gene_detection', 251)"
phase2b,patient_gene_detection,251,,0.0,4.0,,1,"('phase2b', 'patient_gene_detection', 251)"
phase2b,patient_gene_detection,259,,0.0,4.0,,0,"('phase2b', 'patient_gene_detection', 259)"
phase2b,patient_gene_detection,259,,0.0,3.0,,0,"('phase2b', 'patient_gene_detection', 259)"
phase2b,patient_gene_detection,259,,0.0,8.0,,0,"('phase2b', 'patient_gene_detection', 259)"
phase2b,patient_gene_detection,259,,0.0,3.0,,0,"('phase2b', 'patient_gene_detection', 259)"
phase2b,patient_gene_detection,264,,0.0,5.0,,1,"('phase2b', 'patient_gene_detection', 264)"
phase2b,patient_gene_detection,264,,0.0,4.0,,1,"('phase2b', 'patient_gene_detection', 264)"
phase2b,patient_gene_detection,264,,0.0,1.0,,1,"('phase2b', 'patient_gene_detection', 264)"
phase2b,patient_gene_detection,306,,0.0,2.0,,0,"('phase2b', 'patient_gene_detection', 306)"
phase2b,patient_gene_detection,306,,0.0,6.0,,0,"('phase2b', 'patient_gene_detection', 306)"
phase2b,patient_gene_detection,319,,0.0,6.0,,1,"('phase2b', 'patient_gene_detection', 319)"
phase2b,patient_gene_detection,319,,0.0,3.0,,1,"('phase2b', 'patient_gene_detection', 319)"
phase2b,patient_gene_detection,319,,0.0,7.0,,0,"('phase2b', 'patient_gene_detection', 319)"
phase2b,patient_gene_detection,319,,0.0,3.0,,0,"('phase2b', 'patient_gene_detection', 319)"
phase2b,patient_gene_detection,339,,0.0,7.0,,0,"('phase2b', 'patient_gene_detection', 339)"
phase2b,patient_gene_detection,339,,0.0,13.0,,1,"('phase2b', 'patient_gene_detection', 339)"
phase2b,patient_gene_detection,339,,0.0,1.0,,1,"('phase2b', 'patient_gene_detection', 339)"
phase2b,patient_gene_detection,401,,0.0,2.0,,1,"('phase2b', 'patient_gene_detection', 401)"
phase2b,patient_gene_detection,401,,0.0,6.0,,0,"('phase2b', 'patient_gene_detection', 401)"
phase2b,patient_gene_detection,401,,0.0,3.0,,0,"('phase2b', 'patient_gene_detection', 401)"
phase2b,patient_gene_detection,401,,0.0,2.0,,1,"('phase2b', 'patient_gene_detection', 401)"
phase2b,patient_gene_detection,419,,0.0,2.0,,0,"('phase2b', 'patient_gene_detection', 419)"
phase2b,patient_gene_detection,419,,0.0,7.0,,1,"('phase2b', 'patient_gene_detection', 419)"
phase2b,patient_gene_detection,482,,0.0,2.0,,0,"('phase2b', 'patient_gene_detection', 482)"
phase2b,patient_gene_detection,482,,0.0,2.0,,0,"('phase2b', 'patient_gene_detection', 482)"
phase2b,patient_gene_detection,482,,0.0,2.0,,1,"('phase2b', 'patient_gene_detection', 482)"
phase2b,rare_disease_diagnosis,1,,0.0,0.0,,1,"('phase2b', 'rare_disease_diagnosis', 1)"
phase2b,rare_disease_diagnosis,1,,0.0,1.0,,0,"('phase2b', 'rare_disease_diagnosis', 1)"
phase2b,rare_disease_diagnosis,1,,0.0,1.0,,1,"('phase2b', 'rare_disease_diagnosis', 1)"
phase2b,rare_disease_diagnosis,1,,0.0,5.0,,1,"('phase2b', 'rare_disease_diagnosis', 1)"
phase2b,rare_disease_diagnosis,20,,0.0,2.0,,0,"('phase2b', 'rare_disease_diagnosis', 20)"
phase2b,rare_disease_diagnosis,20,,0.0,1.0,,0,"('phase2b', 'rare_disease_diagnosis', 20)"
phase2b,rare_disease_diagnosis,20,,0.0,2.0,,1,"('phase2b', 'rare_disease_diagnosis', 20)"
phase2b,rare_disease_diagnosis,88,,0.0,3.0,,0,"('phase2b', 'rare_disease_diagnosis', 88)"
phase2b,rare_disease_diagnosis,88,,0.0,3.0,,0,"('phase2b', 'rare_disease_diagnosis', 88)"
phase2b,rare_disease_diagnosis,90,,0.0,6.0,,0,"('phase2b', 'rare_disease_diagnosis', 90)"
phase2b,rare_disease_diagnosis,90,,0.0,6.0,,0,"('phase2b', 'rare_disease_diagnosis', 90)"
phase2b,rare_disease_diagnosis,92,,0.0,2.0,,0,"('phase2b', 'rare_disease_diagnosis', 92)"
phase2b,rare_disease_diagnosis,92,,0.0,4.0,,0,"('phase2b', 'rare_disease_diagnosis', 92)"
phase2b,rare_disease_diagnosis,102,,0.0,6.0,,0,"('phase2b', 'rare_disease_diagnosis', 102)"
phase2b,rare_disease_diagnosis,102,,0.0,0.0,,1,"('phase2b', 'rare_disease_diagnosis', 102)"
phase2b,rare_disease_diagnosis,102,,0.0,2.0,,0,"('phase2b', 'rare_disease_diagnosis', 102)"
phase2b,rare_disease_diagnosis,140,,0.0,1.0,,0,"('phase2b', 'rare_disease_diagnosis', 140)"
phase2b,rare_disease_diagnosis,140,,0.0,4.0,,0,"('phase2b', 'rare_disease_diagnosis', 140)"
phase2b,rare_disease_diagnosis,140,,0.0,1.0,,0,"('phase2b', 'rare_disease_diagnosis', 140)"
phase2b,screen_gene_retrieval,166,0.7,1.0,0.0,0.42857142857142855,0,"('phase2b', 'screen_gene_retrieval', 166)"
phase2b,screen_gene_retrieval,166,0.7,1.0,4.0,0.2857142857142857,1,"('phase2b', 'screen_gene_retrieval', 166)"
phase2b,screen_gene_retrieval,317,0.6116504854368932,2.0,1.0,0.4444444444444444,0,"('phase2b', 'screen_gene_retrieval', 317)"
phase2b,screen_gene_retrieval,317,0.5789473684210527,2.0,3.0,0.5454545454545454,1,"('phase2b', 'screen_gene_retrieval', 317)"
phase2b,screen_gene_retrieval,317,0.423728813559322,2.0,0.0,0.4,0,"('phase2b', 'screen_gene_retrieval', 317)"
phase2b,screen_gene_retrieval,317,0.6346153846153846,2.0,5.0,0.3939393939393939,1,"('phase2b', 'screen_gene_retrieval', 317)"
phase2b,screen_gene_retrieval,318,0.7962962962962963,1.0,2.0,0.3953488372093023,0,"('phase2b', 'screen_gene_retrieval', 318)"
phase2b,screen_gene_retrieval,318,0.7066666666666667,1.0,6.0,0.37735849056603776,0,"('phase2b', 'screen_gene_retrieval', 318)"
phase2b,screen_gene_retrieval,318,0.76,1.0,3.0,0.4473684210526316,0,"('phase2b', 'screen_gene_retrieval', 318)"
phase2b,screen_gene_retrieval,346,0.8448275862068966,1.0,8.0,0.24489795918367346,1,"('phase2b', 'screen_gene_retrieval', 346)"
phase2b,screen_gene_retrieval,346,0.5957446808510638,1.0,3.0,0.5357142857142857,0,"('phase2b', 'screen_gene_retrieval', 346)"
phase2b,screen_gene_retrieval,346,0.6129032258064516,1.0,0.0,0.47368421052631576,0,"('phase2b', 'screen_gene_retrieval', 346)"
phase1_pooled,crispr_delivery,28,0.25,1.0,0.0,0.25,1,"('phase1_pooled', 'crispr_delivery', 28)"
phase1_pooled,crispr_delivery,28,0.5,1.0,0.0,0.23076923076923078,1,"('phase1_pooled', 'crispr_delivery', 28)"
phase1_pooled,crispr_delivery,28,0.9230769230769231,1.0,0.0,0.08333333333333333,0,"('phase1_pooled', 'crispr_delivery', 28)"
phase1_pooled,crispr_delivery,28,0.6,1.0,0.0,0.3333333333333333,0,"('phase1_pooled', 'crispr_delivery', 28)"
phase1_pooled,gwas_causal_gene_gwas_catalog,27,0.40860215053763443,2.0,7.0,0.39473684210526316,0,"('phase1_pooled', 'gwas_causal_gene_gwas_catalog', 27)"
phase1_pooled,gwas_causal_gene_gwas_catalog,27,0.5217391304347826,2.0,4.0,0.20833333333333334,1,"('phase1_pooled', 'gwas_causal_gene_gwas_catalog', 27)"
phase1_pooled,gwas_causal_gene_gwas_catalog,27,0.3974358974358974,2.0,5.0,0.1935483870967742,0,"('phase1_pooled', 'gwas_causal_gene_gwas_catalog', 27)"
phase1_pooled,gwas_causal_gene_gwas_catalog,27,0.4895833333333333,2.0,3.0,0.2553191489361702,1,"('phase1_pooled', 'gwas_causal_gene_gwas_catalog', 27)"
phase1_pooled,gwas_causal_gene_gwas_catalog,406,0.5384615384615384,2.0,3.0,0.32142857142857145,0,"('phase1_pooled', 'gwas_causal_gene_gwas_catalog', 406)"
phase1_pooled,gwas_causal_gene_gwas_catalog,406,0.358695652173913,2.0,6.0,0.36363636363636365,0,"('phase1_pooled', 'gwas_causal_gene_gwas_catalog', 406)"
phase1_pooled,gwas_causal_gene_gwas_catalog,406,0.75,2.0,4.0,0.3541666666666667,0,"('phase1_pooled', 'gwas_causal_gene_gwas_catalog', 406)"
phase1_pooled,gwas_causal_gene_gwas_catalog,406,0.6216216216216216,2.0,7.0,0.34782608695652173,0,"('phase1_pooled', 'gwas_causal_gene_gwas_catalog', 406)"
phase1_pooled,gwas_causal_gene_gwas_catalog,520,0.875,1.0,5.0,0.32653061224489793,0,"('phase1_pooled', 'gwas_causal_gene_gwas_catalog', 520)"
phase1_pooled,gwas_causal_gene_gwas_catalog,520,0.918918918918919,1.0,4.0,0.14705882352941177,0,"('phase1_pooled', 'gwas_causal_gene_gwas_catalog', 520)"
phase1_pooled,gwas_causal_gene_gwas_catalog,520,0.8611111111111112,1.0,5.0,0.2903225806451613,0,"('phase1_pooled', 'gwas_causal_gene_gwas_catalog', 520)"
phase1_pooled,gwas_causal_gene_gwas_catalog,520,0.8837209302325582,1.0,3.0,0.21052631578947367,0,"('phase1_pooled', 'gwas_causal_gene_gwas_catalog', 520)"
phase1_pooled,gwas_causal_gene_pharmaprojects,956,0.7238095238095238,1.0,7.0,0.3684210526315789,0,"('phase1_pooled', 'gwas_causal_gene_pharmaprojects', 956)"
phase1_pooled,gwas_causal_gene_pharmaprojects,956,0.6222222222222222,1.0,6.0,0.35714285714285715,0,"('phase1_pooled', 'gwas_causal_gene_pharmaprojects', 956)"
phase1_pooled,gwas_causal_gene_pharmaprojects,956,0.6481481481481481,1.0,2.0,0.5142857142857142,0,"('phase1_pooled', 'gwas_causal_gene_pharmaprojects', 956)"
phase1_pooled,gwas_causal_gene_pharmaprojects,956,0.6181818181818182,1.0,4.0,0.38235294117647056,0,"('phase1_pooled', 'gwas_causal_gene_pharmaprojects', 956)"
phase1_pooled,gwas_causal_gene_pharmaprojects,1475,0.5517241379310345,1.0,4.0,0.3958333333333333,0,"('phase1_pooled', 'gwas_causal_gene_pharmaprojects', 1475)"
phase1_pooled,gwas_causal_gene_pharmaprojects,1475,0.8461538461538461,1.0,4.0,0.23636363636363636,1,"('phase1_pooled', 'gwas_causal_gene_pharmaprojects', 1475)"
phase1_pooled,gwas_causal_gene_pharmaprojects,1475,0.8382352941176471,1.0,4.0,0.3157894736842105,1,"('phase1_pooled', 'gwas_causal_gene_pharmaprojects', 1475)"
phase1_pooled,gwas_causal_gene_pharmaprojects,1475,0.5175438596491229,1.0,2.0,0.288135593220339,1,"('phase1_pooled', 'gwas_causal_gene_pharmaprojects', 1475)"
phase1_pooled,gwas_causal_gene_pharmaprojects,1554,0.875,1.0,8.0,0.2857142857142857,0,"('phase1_pooled', 'gwas_causal_gene_pharmaprojects', 1554)"
phase1_pooled,gwas_causal_gene_pharmaprojects,1554,0.8666666666666667,1.0,4.0,0.4230769230769231,0,"('phase1_pooled', 'gwas_causal_gene_pharmaprojects', 1554)"
phase1_pooled,gwas_causal_gene_pharmaprojects,1554,0.9469026548672567,1.0,2.0,0.2336448598130841,0,"('phase1_pooled', 'gwas_causal_gene_pharmaprojects', 1554)"
phase1_pooled,gwas_variant_prioritization,1,0.7272727272727273,1.0,0.0,0.625,1,"('phase1_pooled', 'gwas_variant_prioritization', 1)"
phase1_pooled,gwas_variant_prioritization,1,0.7,1.0,0.0,0.5714285714285714,0,"('phase1_pooled', 'gwas_variant_prioritization', 1)"
phase1_pooled,gwas_variant_prioritization,1,0.6153846153846154,1.0,0.0,0.625,1,"('phase1_pooled', 'gwas_variant_prioritization', 1)"
phase1_pooled,gwas_variant_prioritization,1,0.8333333333333334,1.0,0.0,0.6,1,"('phase1_pooled', 'gwas_variant_prioritization', 1)"
phase1_pooled,lab_bench_dbqa,190,0.5,1.0,4.0,0.3333333333333333,0,"('phase1_pooled', 'lab_bench_dbqa', 190)"
phase1_pooled,lab_bench_dbqa,190,0.7142857142857143,1.0,1.0,0.6,1,"('phase1_pooled', 'lab_bench_dbqa', 190)"
phase1_pooled,lab_bench_dbqa,190,0.75,1.0,1.0,1.0,1,"('phase1_pooled', 'lab_bench_dbqa', 190)"
phase1_pooled,lab_bench_dbqa,190,0.7142857142857143,1.0,1.0,0.6,1,"('phase1_pooled', 'lab_bench_dbqa', 190)"
phase1_pooled,lab_bench_dbqa,309,0.3333333333333333,1.0,13.0,0.8333333333333334,0,"('phase1_pooled', 'lab_bench_dbqa', 309)"
phase1_pooled,lab_bench_dbqa,309,0.5416666666666666,1.0,13.0,0.34615384615384615,0,"('phase1_pooled', 'lab_bench_dbqa', 309)"
phase1_pooled,lab_bench_dbqa,309,0.6,1.0,10.0,0.3333333333333333,0,"('phase1_pooled', 'lab_bench_dbqa', 309)"
phase1_pooled,lab_bench_dbqa,309,0.6,1.0,15.0,0.14285714285714285,0,"('phase1_pooled', 'lab_bench_dbqa', 309)"
phase1_pooled,lab_bench_seqqa,230,0.4125,1.0,3.0,0.5151515151515151,0,"('phase1_pooled', 'lab_bench_seqqa', 230)"
phase1_pooled,lab_bench_seqqa,230,0.7291666666666666,1.0,0.0,0.3142857142857143,0,"('phase1_pooled', 'lab_bench_seqqa', 230)"
phase1_pooled,lab_bench_seqqa,230,0.3684210526315789,1.0,4.0,0.07142857142857142,0,"('phase1_pooled', 'lab_bench_seqqa', 230)"
phase1_pooled,lab_bench_seqqa,292,0.5663716814159292,1.0,7.0,0.1875,0,"('phase1_pooled', 'lab_bench_seqqa', 292)"
phase1_pooled,lab_bench_seqqa,292,0.65,1.0,1.0,0.23076923076923078,1,"('phase1_pooled', 'lab_bench_seqqa', 292)"
phase1_pooled,lab_bench_seqqa,292,0.8,1.0,0.0,0.5,1,"('phase1_pooled', 'lab_bench_seqqa', 292)"
phase1_pooled,lab_bench_seqqa,547,0.7,1.0,1.0,0.42857142857142855,1,"('phase1_pooled', 'lab_bench_seqqa', 547)"
phase1_pooled,lab_bench_seqqa,547,0.75,1.0,0.0,0.3333333333333333,1,"('phase1_pooled', 'lab_bench_seqqa', 547)"
phase1_pooled,lab_bench_seqqa,547,0.449438202247191,1.0,13.0,0.475,0,"('phase1_pooled', 'lab_bench_seqqa', 547)"
phase1_pooled,lab_bench_seqqa,547,0.5652173913043478,1.0,17.0,0.5192307692307693,0,"('phase1_pooled', 'lab_bench_seqqa', 547)"
phase1_pooled,patient_gene_detection,1,,0.0,7.0,,0,"('phase1_pooled', 'patient_gene_detection', 1)"
phase1_pooled,patient_gene_detection,1,,0.0,6.0,,0,"('phase1_pooled', 'patient_gene_detection', 1)"
phase1_pooled,patient_gene_detection,1,,0.0,5.0,,1,"('phase1_pooled', 'patient_gene_detection', 1)"
phase1_pooled,patient_gene_detection,1,,0.0,5.0,,1,"('phase1_pooled', 'patient_gene_detection', 1)"
phase1_pooled,patient_gene_detection,80,,0.0,3.0,,1,"('phase1_pooled', 'patient_gene_detection', 80)"
phase1_pooled,patient_gene_detection,80,,0.0,12.0,,0,"('phase1_pooled', 'patient_gene_detection', 80)"
phase1_pooled,patient_gene_detection,80,,0.0,2.0,,1,"('phase1_pooled', 'patient_gene_detection', 80)"
phase1_pooled,patient_gene_detection,80,,0.0,4.0,,1,"('phase1_pooled', 'patient_gene_detection', 80)"
phase1_pooled,patient_gene_detection,161,,0.0,5.0,,0,"('phase1_pooled', 'patient_gene_detection', 161)"
phase1_pooled,patient_gene_detection,161,,0.0,1.0,,0,"('phase1_pooled', 'patient_gene_detection', 161)"
phase1_pooled,patient_gene_detection,350,,0.0,3.0,,0,"('phase1_pooled', 'patient_gene_detection', 350)"
phase1_pooled,patient_gene_detection,350,,0.0,1.0,,0,"('phase1_pooled', 'patient_gene_detection', 350)"
phase1_pooled,patient_gene_detection,350,,0.0,9.0,,0,"('phase1_pooled', 'patient_gene_detection', 350)"
phase1_pooled,patient_gene_detection,350,,0.0,3.0,,0,"('phase1_pooled', 'patient_gene_detection', 350)"
phase1_pooled,patient_gene_detection,488,,0.0,3.0,,1,"('phase1_pooled', 'patient_gene_detection', 488)"
phase1_pooled,patient_gene_detection,488,,0.0,1.0,,0,"('phase1_pooled', 'patient_gene_detection', 488)"
phase1_pooled,patient_gene_detection,488,,0.0,7.0,,0,"('phase1_pooled', 'patient_gene_detection', 488)"
phase1_pooled,patient_gene_detection,488,,0.0,1.0,,1,"('phase1_pooled', 'patient_gene_detection', 488)"
phase1_pooled,rare_disease_diagnosis,21,,0.0,1.0,,1,"('phase1_pooled', 'rare_disease_diagnosis', 21)"
phase1_pooled,rare_disease_diagnosis,21,,0.0,2.0,,0,"('phase1_pooled', 'rare_disease_diagnosis', 21)"
phase1_pooled,rare_disease_diagnosis,21,,0.0,1.0,,1,"('phase1_pooled', 'rare_disease_diagnosis', 21)"
phase1_pooled,rare_disease_diagnosis,59,,0.0,6.0,,0,"('phase1_pooled', 'rare_disease_diagnosis', 59)"
phase1_pooled,rare_disease_diagnosis,59,,0.0,6.0,,0,"('phase1_pooled', 'rare_disease_diagnosis', 59)"
phase1_pooled,rare_disease_diagnosis,59,,0.0,1.0,,0,"('phase1_pooled', 'rare_disease_diagnosis', 59)"
phase1_pooled,rare_disease_diagnosis,103,,0.0,0.0,,1,"('phase1_pooled', 'rare_disease_diagnosis', 103)"
phase1_pooled,rare_disease_diagnosis,103,,0.0,6.0,,0,"('phase1_pooled', 'rare_disease_diagnosis', 103)"
phase1_pooled,rare_disease_diagnosis,106,,0.0,3.0,,1,"('phase1_pooled', 'rare_disease_diagnosis', 106)"
phase1_pooled,rare_disease_diagnosis,106,,0.0,2.0,,1,"('phase1_pooled', 'rare_disease_diagnosis', 106)"
phase1_pooled,rare_disease_diagnosis,106,,0.0,0.0,,0,"('phase1_pooled', 'rare_disease_diagnosis', 106)"
phase1_pooled,screen_gene_retrieval,1,0.7205882352941176,1.0,0.0,0.30612244897959184,0,"('phase1_pooled', 'screen_gene_retrieval', 1)"
phase1_pooled,screen_gene_retrieval,1,0.5,1.0,33.0,0.0,0,"('phase1_pooled', 'screen_gene_retrieval', 1)"
phase1_pooled,screen_gene_retrieval,243,0.4189189189189189,2.0,3.0,0.5161290322580645,1,"('phase1_pooled', 'screen_gene_retrieval', 243)"
phase1_pooled,screen_gene_retrieval,243,0.5066666666666667,2.0,7.0,0.5263157894736842,0,"('phase1_pooled', 'screen_gene_retrieval', 243)"
phase1_pooled,screen_gene_retrieval,243,0.575,2.0,2.0,0.34782608695652173,0,"('phase1_pooled', 'screen_gene_retrieval', 243)"
phase1_pooled,screen_gene_retrieval,306,0.8235294117647058,1.0,0.0,0.5714285714285714,0,"('phase1_pooled', 'screen_gene_retrieval', 306)"
phase1_pooled,screen_gene_retrieval,306,0.5466666666666666,1.0,3.0,0.4878048780487805,0,"('phase1_pooled', 'screen_gene_retrieval', 306)"
phase1_pooled,screen_gene_retrieval,306,0.6470588235294118,1.0,1.0,0.2727272727272727,0,"('phase1_pooled', 'screen_gene_retrieval', 306)"
phase1_pooled,screen_gene_retrieval,306,0.78125,1.0,0.0,0.48,0,"('phase1_pooled', 'screen_gene_retrieval', 306)"
